layer, FSRAM required per lane (bytes), ISRAM required per lane (bytes),
Conv1,363,22473,
Conv2,2400,52800,
Conv3,2304,20736,
Conv4,3456,14976,
Conv5,3456,14976,
max,3456,52800,
,,,
layer,round,phase,run cycles,filter stalls,IF stalls,MACops,ISRAM read (bytes),FSRAM read (bytes),ISRAM write (bytes),FSRAM write (bytes),DRAM read (bytes), DRAM write (bytes),h lanes, v lanes, isram read energy(pJ), fsram read energy (pJ), isram write energy(pJ), fsram write energy (pJ), dram read energy (pJ), dram write energy (pJ), mac op energy (pJ), energy (pJ), start cycle offset,
Conv1,0,0,715,1727,5197,8921088,92928,34848,215808,34848,127776,0,96,256,1411353.2928,175092.0336,1561780.9152,94994.95104,12777600.0,0.0,3568435.2,19589256.3926,0,
Conv1,0,1,715,0,1501,8921088,92928,34848,156672,0,33792,0,96,256,1411353.2928,175092.0336,1133819.5968,0.0,3379200.0,0.0,3568435.2,9667900.1232,363,
Conv1,0,2,715,0,1501,8921088,92928,34848,156672,0,33792,0,96,256,1411353.2928,175092.0336,1133819.5968,0.0,3379200.0,0.0,3568435.2,9667900.1232,726,
Conv1,0,3,715,0,1501,8921088,92928,34848,156672,0,33792,0,96,256,1411353.2928,175092.0336,1133819.5968,0.0,3379200.0,0.0,3568435.2,9667900.1232,1089,
Conv1,0,4,715,0,1501,8921088,92928,34848,156672,0,33792,0,96,256,1411353.2928,175092.0336,1133819.5968,0.0,3379200.0,0.0,3568435.2,9667900.1232,1452,
Conv1,0,5,715,0,1501,8921088,92928,34848,156672,0,33792,0,96,256,1411353.2928,175092.0336,1133819.5968,0.0,3379200.0,0.0,3568435.2,9667900.1232,1815,
Conv1,0,6,715,0,1501,8921088,92928,34848,156672,0,33792,0,96,256,1411353.2928,175092.0336,1133819.5968,0.0,3379200.0,0.0,3568435.2,9667900.1232,2178,
Conv1,0,7,715,0,1501,8921088,92928,34848,156672,0,33792,0,96,256,1411353.2928,175092.0336,1133819.5968,0.0,3379200.0,0.0,3568435.2,9667900.1232,2541,
Conv1,0,8,715,0,1501,8921088,92928,34848,156672,0,33792,0,96,256,1411353.2928,175092.0336,1133819.5968,0.0,3379200.0,0.0,3568435.2,9667900.1232,2904,
Conv1,0,9,715,0,1501,8921088,92928,34848,156672,0,33792,0,96,256,1411353.2928,175092.0336,1133819.5968,0.0,3379200.0,0.0,3568435.2,9667900.1232,3267,
Conv1,0,10,715,0,1501,8921088,92928,34848,156672,0,33792,0,96,256,1411353.2928,175092.0336,1133819.5968,0.0,3379200.0,0.0,3568435.2,9667900.1232,3630,
Conv1,0,11,715,0,1501,8921088,92928,34848,156672,0,33792,0,96,256,1411353.2928,175092.0336,1133819.5968,0.0,3379200.0,0.0,3568435.2,9667900.1232,3993,
Conv1,0,12,715,0,1501,8921088,92928,34848,156672,0,33792,0,96,256,1411353.2928,175092.0336,1133819.5968,0.0,3379200.0,0.0,3568435.2,9667900.1232,4356,
Conv1,0,13,715,0,1501,8921088,92928,34848,156672,0,33792,0,96,256,1411353.2928,175092.0336,1133819.5968,0.0,3379200.0,0.0,3568435.2,9667900.1232,4719,
Conv1,0,14,715,0,1501,8921088,92928,34848,156672,0,33792,0,96,256,1411353.2928,175092.0336,1133819.5968,0.0,3379200.0,0.0,3568435.2,9667900.1232,5082,
Conv1,0,15,715,0,1501,8921088,92928,34848,156672,0,33792,0,96,256,1411353.2928,175092.0336,1133819.5968,0.0,3379200.0,0.0,3568435.2,9667900.1232,5445,
Conv1,0,16,715,0,1501,8921088,92928,34848,156672,0,33792,0,96,256,1411353.2928,175092.0336,1133819.5968,0.0,3379200.0,0.0,3568435.2,9667900.1232,5808,
Conv1,0,17,715,0,1501,8921088,92928,34848,156672,0,33792,0,96,256,1411353.2928,175092.0336,1133819.5968,0.0,3379200.0,0.0,3568435.2,9667900.1232,6171,
Conv1,0,18,715,0,1501,8921088,92928,34848,156672,0,33792,0,96,256,1411353.2928,175092.0336,1133819.5968,0.0,3379200.0,0.0,3568435.2,9667900.1232,6534,
Conv1,0,19,715,0,1501,8921088,92928,34848,156672,0,33792,0,96,256,1411353.2928,175092.0336,1133819.5968,0.0,3379200.0,0.0,3568435.2,9667900.1232,6897,
Conv1,0,20,715,0,1501,8921088,92928,34848,156672,0,33792,0,96,256,1411353.2928,175092.0336,1133819.5968,0.0,3379200.0,0.0,3568435.2,9667900.1232,7260,
Conv1,0,21,715,0,1501,8921088,92928,34848,156672,0,33792,0,96,256,1411353.2928,175092.0336,1133819.5968,0.0,3379200.0,0.0,3568435.2,9667900.1232,7623,
Conv1,0,22,715,0,1501,8921088,92928,34848,156672,0,33792,0,96,256,1411353.2928,175092.0336,1133819.5968,0.0,3379200.0,0.0,3568435.2,9667900.1232,7986,
Conv1,0,23,715,0,1501,8921088,92928,34848,156672,0,33792,0,96,256,1411353.2928,175092.0336,1133819.5968,0.0,3379200.0,0.0,3568435.2,9667900.1232,8349,
Conv1,0,24,715,0,1501,8921088,92928,34848,156672,0,33792,0,96,256,1411353.2928,175092.0336,1133819.5968,0.0,3379200.0,0.0,3568435.2,9667900.1232,8712,
Conv1,0,25,715,0,1501,8921088,92928,34848,156672,0,33792,0,96,256,1411353.2928,175092.0336,1133819.5968,0.0,3379200.0,0.0,3568435.2,9667900.1232,9075,
Conv1,0,26,715,0,1501,8921088,92928,34848,156672,0,33792,0,96,256,1411353.2928,175092.0336,1133819.5968,0.0,3379200.0,0.0,3568435.2,9667900.1232,9438,
Conv1,0,27,715,0,1501,8921088,92928,34848,156672,0,33792,0,96,256,1411353.2928,175092.0336,1133819.5968,0.0,3379200.0,0.0,3568435.2,9667900.1232,9801,
Conv1,0,28,715,0,1501,8921088,92928,34848,156672,0,33792,0,96,256,1411353.2928,175092.0336,1133819.5968,0.0,3379200.0,0.0,3568435.2,9667900.1232,10164,
Conv1,0,29,715,0,1501,8921088,92928,34848,156672,0,33792,0,96,256,1411353.2928,175092.0336,1133819.5968,0.0,3379200.0,0.0,3568435.2,9667900.1232,10527,
Conv1,0,30,715,0,1501,8921088,92928,34848,156672,0,33792,0,96,256,1411353.2928,175092.0336,1133819.5968,0.0,3379200.0,0.0,3568435.2,9667900.1232,10890,
Conv1,0,31,715,0,1501,8921088,92928,34848,156672,0,33792,0,96,256,1411353.2928,175092.0336,1133819.5968,0.0,3379200.0,0.0,3568435.2,9667900.1232,11253,
Conv1,0,32,715,0,1501,8921088,92928,34848,156672,0,33792,0,96,256,1411353.2928,175092.0336,1133819.5968,0.0,3379200.0,0.0,3568435.2,9667900.1232,11616,
Conv1,0,33,715,0,1501,8921088,92928,34848,156672,0,33792,0,96,256,1411353.2928,175092.0336,1133819.5968,0.0,3379200.0,0.0,3568435.2,9667900.1232,11979,
Conv1,0,34,715,0,1501,8921088,92928,34848,156672,0,33792,0,96,256,1411353.2928,175092.0336,1133819.5968,0.0,3379200.0,0.0,3568435.2,9667900.1232,12342,
Conv1,0,35,715,0,1501,8921088,92928,34848,156672,0,33792,0,96,256,1411353.2928,175092.0336,1133819.5968,0.0,3379200.0,0.0,3568435.2,9667900.1232,12705,
Conv1,0,36,715,0,1501,8921088,92928,34848,156672,0,33792,0,96,256,1411353.2928,175092.0336,1133819.5968,0.0,3379200.0,0.0,3568435.2,9667900.1232,13068,
Conv1,0,37,715,0,1501,8921088,92928,34848,156672,0,33792,0,96,256,1411353.2928,175092.0336,1133819.5968,0.0,3379200.0,0.0,3568435.2,9667900.1232,13431,
Conv1,0,38,715,0,1501,8921088,92928,34848,156672,0,33792,0,96,256,1411353.2928,175092.0336,1133819.5968,0.0,3379200.0,0.0,3568435.2,9667900.1232,13794,
Conv1,0,39,715,0,1501,8921088,92928,34848,156672,0,33792,0,96,256,1411353.2928,175092.0336,1133819.5968,0.0,3379200.0,0.0,3568435.2,9667900.1232,14157,
Conv1,0,40,715,0,1501,8921088,92928,34848,156672,0,33792,0,96,256,1411353.2928,175092.0336,1133819.5968,0.0,3379200.0,0.0,3568435.2,9667900.1232,14520,
Conv1,0,41,715,0,1501,8921088,92928,34848,156672,0,33792,0,96,256,1411353.2928,175092.0336,1133819.5968,0.0,3379200.0,0.0,3568435.2,9667900.1232,14883,
Conv1,0,42,715,0,1501,8921088,92928,34848,156672,0,33792,0,96,256,1411353.2928,175092.0336,1133819.5968,0.0,3379200.0,0.0,3568435.2,9667900.1232,15246,
Conv1,0,43,715,0,1501,8921088,92928,34848,156672,0,33792,0,96,256,1411353.2928,175092.0336,1133819.5968,0.0,3379200.0,0.0,3568435.2,9667900.1232,15609,
Conv1,0,44,715,0,1501,8921088,92928,34848,156672,0,33792,0,96,256,1411353.2928,175092.0336,1133819.5968,0.0,3379200.0,0.0,3568435.2,9667900.1232,15972,
Conv1,0,45,715,0,1501,8921088,92928,34848,156672,0,33792,0,96,256,1411353.2928,175092.0336,1133819.5968,0.0,3379200.0,0.0,3568435.2,9667900.1232,16335,
Conv1,0,46,715,0,1501,8921088,92928,34848,156672,0,33792,0,96,256,1411353.2928,175092.0336,1133819.5968,0.0,3379200.0,0.0,3568435.2,9667900.1232,16698,
Conv1,0,47,715,0,1501,8921088,92928,34848,156672,0,33792,0,96,256,1411353.2928,175092.0336,1133819.5968,0.0,3379200.0,0.0,3568435.2,9667900.1232,17061,
Conv1,0,48,715,0,1501,8921088,92928,34848,156672,0,33792,0,96,256,1411353.2928,175092.0336,1133819.5968,0.0,3379200.0,0.0,3568435.2,9667900.1232,17424,
Conv1,0,49,715,0,1501,8921088,92928,34848,156672,0,33792,0,96,256,1411353.2928,175092.0336,1133819.5968,0.0,3379200.0,0.0,3568435.2,9667900.1232,17787,
Conv1,0,50,715,0,1501,8921088,92928,34848,156672,0,33792,0,96,256,1411353.2928,175092.0336,1133819.5968,0.0,3379200.0,0.0,3568435.2,9667900.1232,18150,
Conv1,0,51,715,0,1501,8921088,92928,34848,156672,0,33792,0,96,256,1411353.2928,175092.0336,1133819.5968,0.0,3379200.0,0.0,3568435.2,9667900.1232,18513,
Conv1,0,52,715,0,1501,8921088,92928,34848,156672,0,33792,0,96,256,1411353.2928,175092.0336,1133819.5968,0.0,3379200.0,0.0,3568435.2,9667900.1232,18876,
Conv1,0,53,715,0,1501,8921088,92928,34848,156672,0,33792,0,96,256,1411353.2928,175092.0336,1133819.5968,0.0,3379200.0,0.0,3568435.2,9667900.1232,19239,
Conv1,0,54,715,0,1501,8921088,92928,34848,156672,0,33792,0,96,256,1411353.2928,175092.0336,1133819.5968,0.0,3379200.0,0.0,3568435.2,9667900.1232,19602,
Conv1,0,55,715,0,1501,8921088,92928,34848,156672,0,33792,0,96,256,1411353.2928,175092.0336,1133819.5968,0.0,3379200.0,0.0,3568435.2,9667900.1232,19965,
Conv1,0,56,715,0,1501,8921088,92928,34848,156672,0,33792,0,96,256,1411353.2928,175092.0336,1133819.5968,0.0,3379200.0,0.0,3568435.2,9667900.1232,20328,
Conv1,0,57,715,0,1501,8921088,92928,34848,156672,0,33792,0,96,256,1411353.2928,175092.0336,1133819.5968,0.0,3379200.0,0.0,3568435.2,9667900.1232,20691,
Conv1,0,58,715,0,1501,8921088,92928,34848,156672,0,33792,0,96,256,1411353.2928,175092.0336,1133819.5968,0.0,3379200.0,0.0,3568435.2,9667900.1232,21054,
Conv1,0,59,715,0,1501,8921088,92928,34848,156672,0,33792,0,96,256,1411353.2928,175092.0336,1133819.5968,0.0,3379200.0,0.0,3568435.2,9667900.1232,21417,
Conv1,0,60,715,0,1501,8921088,92928,34848,156672,0,33792,0,96,256,1411353.2928,175092.0336,1133819.5968,0.0,3379200.0,0.0,3568435.2,9667900.1232,21780,
Conv1,0,61,715,0,1501,8921088,92928,34848,156672,0,33792,0,96,256,1411353.2928,175092.0336,1133819.5968,0.0,3379200.0,0.0,3568435.2,9667900.1232,22143,
Conv1,0,62,715,0,1501,8921088,92928,34848,156672,0,33792,0,96,256,1411353.2928,175092.0336,1133819.5968,0.0,3379200.0,0.0,3568435.2,9667900.1232,22506,
Conv1,0,63,715,0,1501,8921088,92928,34848,156672,0,33792,0,96,256,1411353.2928,175092.0336,1133819.5968,0.0,3379200.0,0.0,3568435.2,9667900.1232,22869,
Conv1,0,64,715,0,1501,8921088,92928,34848,156672,0,33792,0,96,256,1411353.2928,175092.0336,1133819.5968,0.0,3379200.0,0.0,3568435.2,9667900.1232,23232,
Conv1,0,65,715,0,1501,8921088,92928,34848,156672,0,33792,0,96,256,1411353.2928,175092.0336,1133819.5968,0.0,3379200.0,0.0,3568435.2,9667900.1232,23595,
Conv1,0,66,715,0,1501,8921088,92928,34848,156672,0,33792,0,96,256,1411353.2928,175092.0336,1133819.5968,0.0,3379200.0,0.0,3568435.2,9667900.1232,23958,
Conv1,0,67,715,0,1501,8921088,92928,34848,156672,0,33792,0,96,256,1411353.2928,175092.0336,1133819.5968,0.0,3379200.0,0.0,3568435.2,9667900.1232,24321,
Conv1,0,68,715,0,1501,8921088,92928,34848,156672,0,33792,0,96,256,1411353.2928,175092.0336,1133819.5968,0.0,3379200.0,0.0,3568435.2,9667900.1232,24684,
Conv1,0,69,715,0,1501,8921088,92928,34848,156672,0,33792,0,96,256,1411353.2928,175092.0336,1133819.5968,0.0,3379200.0,0.0,3568435.2,9667900.1232,25047,
Conv1,0,70,715,0,1501,8921088,92928,34848,156672,0,33792,0,96,256,1411353.2928,175092.0336,1133819.5968,0.0,3379200.0,0.0,3568435.2,9667900.1232,25410,
Conv1,0,71,715,0,1501,8921088,92928,34848,156672,0,33792,0,96,256,1411353.2928,175092.0336,1133819.5968,0.0,3379200.0,0.0,3568435.2,9667900.1232,25773,
Conv1,0,72,715,0,1501,8921088,92928,34848,156672,0,33792,0,96,256,1411353.2928,175092.0336,1133819.5968,0.0,3379200.0,0.0,3568435.2,9667900.1232,26136,
Conv1,0,73,715,0,1501,8921088,92928,34848,156672,0,33792,0,96,256,1411353.2928,175092.0336,1133819.5968,0.0,3379200.0,0.0,3568435.2,9667900.1232,26499,
Conv1,0,74,715,0,1501,8921088,92928,34848,156672,0,33792,0,96,256,1411353.2928,175092.0336,1133819.5968,0.0,3379200.0,0.0,3568435.2,9667900.1232,26862,
Conv1,0,75,715,0,1501,8921088,92928,34848,156672,0,33792,0,96,256,1411353.2928,175092.0336,1133819.5968,0.0,3379200.0,0.0,3568435.2,9667900.1232,27225,
Conv1,0,76,715,0,1501,8921088,92928,34848,156672,0,33792,0,96,256,1411353.2928,175092.0336,1133819.5968,0.0,3379200.0,0.0,3568435.2,9667900.1232,27588,
Conv1,0,77,715,0,1501,8921088,92928,34848,156672,0,33792,0,96,256,1411353.2928,175092.0336,1133819.5968,0.0,3379200.0,0.0,3568435.2,9667900.1232,27951,
Conv1,0,78,715,0,1501,8921088,92928,34848,156672,0,33792,0,96,256,1411353.2928,175092.0336,1133819.5968,0.0,3379200.0,0.0,3568435.2,9667900.1232,28314,
Conv1,0,79,715,0,1501,8921088,92928,34848,156672,0,33792,0,96,256,1411353.2928,175092.0336,1133819.5968,0.0,3379200.0,0.0,3568435.2,9667900.1232,28677,
Conv1,0,80,715,0,1501,8921088,92928,34848,156672,0,33792,0,96,256,1411353.2928,175092.0336,1133819.5968,0.0,3379200.0,0.0,3568435.2,9667900.1232,29040,
Conv1,0,81,715,0,1501,8921088,92928,34848,156672,0,33792,0,96,256,1411353.2928,175092.0336,1133819.5968,0.0,3379200.0,0.0,3568435.2,9667900.1232,29403,
Conv1,0,82,715,0,1501,8921088,92928,34848,156672,0,33792,0,96,256,1411353.2928,175092.0336,1133819.5968,0.0,3379200.0,0.0,3568435.2,9667900.1232,29766,
Conv1,0,83,715,0,1501,8921088,92928,34848,156672,0,33792,0,96,256,1411353.2928,175092.0336,1133819.5968,0.0,3379200.0,0.0,3568435.2,9667900.1232,30129,
Conv1,0,84,715,0,1501,8921088,92928,34848,156672,0,33792,0,96,256,1411353.2928,175092.0336,1133819.5968,0.0,3379200.0,0.0,3568435.2,9667900.1232,30492,
Conv1,0,85,715,0,1501,8921088,92928,34848,156672,0,33792,0,96,256,1411353.2928,175092.0336,1133819.5968,0.0,3379200.0,0.0,3568435.2,9667900.1232,30855,
Conv1,0,86,715,0,1501,8921088,92928,34848,156672,0,33792,0,96,256,1411353.2928,175092.0336,1133819.5968,0.0,3379200.0,0.0,3568435.2,9667900.1232,31218,
Conv1,0,87,715,0,1501,8921088,92928,34848,156672,0,33792,0,96,256,1411353.2928,175092.0336,1133819.5968,0.0,3379200.0,0.0,3568435.2,9667900.1232,31581,
Conv1,0,88,715,0,1501,8921088,92928,34848,156672,0,33792,0,96,256,1411353.2928,175092.0336,1133819.5968,0.0,3379200.0,0.0,3568435.2,9667900.1232,31944,
Conv1,0,89,715,0,1501,8921088,92928,34848,156672,0,33792,0,96,256,1411353.2928,175092.0336,1133819.5968,0.0,3379200.0,0.0,3568435.2,9667900.1232,32307,
Conv1,0,90,715,0,1501,8921088,92928,34848,156672,0,33792,0,96,256,1411353.2928,175092.0336,1133819.5968,0.0,3379200.0,0.0,3568435.2,9667900.1232,32670,
Conv1,0,91,715,0,1501,8921088,92928,34848,156672,0,33792,0,96,256,1411353.2928,175092.0336,1133819.5968,0.0,3379200.0,0.0,3568435.2,9667900.1232,33033,
Conv1,0,92,715,0,1501,8921088,92928,34848,156672,0,33792,0,96,256,1411353.2928,175092.0336,1133819.5968,0.0,3379200.0,0.0,3568435.2,9667900.1232,33396,
Conv1,0,93,715,0,1501,8921088,92928,34848,156672,0,33792,0,96,256,1411353.2928,175092.0336,1133819.5968,0.0,3379200.0,0.0,3568435.2,9667900.1232,33759,
Conv1,0,94,715,0,1501,8921088,92928,34848,156672,0,33792,0,96,256,1411353.2928,175092.0336,1133819.5968,0.0,3379200.0,0.0,3568435.2,9667900.1232,34122,
Conv1,0,95,715,0,1501,8921088,92928,34848,156672,0,33792,0,96,256,1411353.2928,175092.0336,1133819.5968,0.0,3379200.0,0.0,3568435.2,9667900.1232,34485,
Conv1,0,96,715,0,1501,8921088,92928,34848,156672,0,33792,0,96,256,1411353.2928,175092.0336,1133819.5968,0.0,3379200.0,0.0,3568435.2,9667900.1232,34848,
Conv1,0,97,715,0,1501,8921088,92928,34848,156672,0,33792,0,96,256,1411353.2928,175092.0336,1133819.5968,0.0,3379200.0,0.0,3568435.2,9667900.1232,35211,
Conv1,0,98,715,0,1501,8921088,92928,34848,156672,0,33792,0,96,256,1411353.2928,175092.0336,1133819.5968,0.0,3379200.0,0.0,3568435.2,9667900.1232,35574,
Conv1,0,99,715,0,1501,8921088,92928,34848,156672,0,33792,0,96,256,1411353.2928,175092.0336,1133819.5968,0.0,3379200.0,0.0,3568435.2,9667900.1232,35937,
Conv1,0,100,715,0,1501,8921088,92928,34848,156672,0,33792,0,96,256,1411353.2928,175092.0336,1133819.5968,0.0,3379200.0,0.0,3568435.2,9667900.1232,36300,
Conv1,0,101,715,0,1501,8921088,92928,34848,156672,0,33792,0,96,256,1411353.2928,175092.0336,1133819.5968,0.0,3379200.0,0.0,3568435.2,9667900.1232,36663,
Conv1,0,102,715,0,1501,8921088,92928,34848,156672,0,33792,0,96,256,1411353.2928,175092.0336,1133819.5968,0.0,3379200.0,0.0,3568435.2,9667900.1232,37026,
Conv1,0,103,715,0,1501,8921088,92928,34848,156672,0,33792,0,96,256,1411353.2928,175092.0336,1133819.5968,0.0,3379200.0,0.0,3568435.2,9667900.1232,37389,
Conv1,0,104,715,0,1501,8921088,92928,34848,156672,0,33792,0,96,256,1411353.2928,175092.0336,1133819.5968,0.0,3379200.0,0.0,3568435.2,9667900.1232,37752,
Conv1,0,105,715,0,1501,8921088,92928,34848,156672,0,33792,0,96,256,1411353.2928,175092.0336,1133819.5968,0.0,3379200.0,0.0,3568435.2,9667900.1232,38115,
Conv1,0,106,715,0,1501,8921088,92928,34848,156672,0,33792,0,96,256,1411353.2928,175092.0336,1133819.5968,0.0,3379200.0,0.0,3568435.2,9667900.1232,38478,
Conv1,0,107,715,0,1501,8921088,92928,34848,156672,0,33792,0,96,256,1411353.2928,175092.0336,1133819.5968,0.0,3379200.0,0.0,3568435.2,9667900.1232,38841,
Conv1,0,108,715,0,1501,8921088,92928,34848,156672,0,33792,0,96,256,1411353.2928,175092.0336,1133819.5968,0.0,3379200.0,0.0,3568435.2,9667900.1232,39204,
Conv1,0,109,715,0,1501,8921088,92928,34848,156672,0,33792,0,96,256,1411353.2928,175092.0336,1133819.5968,0.0,3379200.0,0.0,3568435.2,9667900.1232,39567,
Conv1,0,110,497,0,0,1324224,13794,34848,23256,0,5016,0,96,38,209497.7544,175092.0336,168301.3464,0.0,501600.0,0.0,529689.6,1584180.7344,39930,
Conv1,0,111,497,0,0,1324224,13794,34848,23256,0,5016,0,96,38,209497.7544,175092.0336,168301.3464,0.0,501600.0,0.0,529689.6,1584180.7344,40293,
Conv1,0,112,497,0,0,1324224,13794,34848,23256,0,5016,0,96,38,209497.7544,175092.0336,168301.3464,0.0,501600.0,0.0,529689.6,1584180.7344,40656,
Conv1,0,113,497,0,0,1324224,13794,34848,23256,0,5016,0,96,38,209497.7544,175092.0336,168301.3464,0.0,501600.0,0.0,529689.6,1584180.7344,41019,
Conv1,0,114,497,0,0,1324224,13794,34848,23256,0,5016,0,96,38,209497.7544,175092.0336,168301.3464,0.0,501600.0,0.0,529689.6,1584180.7344,41382,
Conv1,0,115,497,0,0,1324224,13794,34848,23256,0,5016,0,96,38,209497.7544,175092.0336,168301.3464,0.0,501600.0,0.0,529689.6,1584180.7344,41745,
Conv1,0,116,497,0,0,1324224,13794,34848,23256,0,5016,0,96,38,209497.7544,175092.0336,168301.3464,0.0,501600.0,0.0,529689.6,1584180.7344,42108,
Conv1,0,117,497,0,0,1324224,13794,34848,23256,0,5016,0,96,38,209497.7544,175092.0336,168301.3464,0.0,501600.0,0.0,529689.6,1584180.7344,42471,
Conv1,0,118,497,0,0,1324224,13794,34848,23256,0,5016,0,96,38,209497.7544,175092.0336,168301.3464,0.0,501600.0,0.0,529689.6,1584180.7344,42834,
Conv1,0,119,497,0,0,1324224,13794,34848,23256,0,5016,0,96,38,209497.7544,175092.0336,168301.3464,0.0,501600.0,0.0,529689.6,1584180.7344,43197,
Conv1,0,120,497,0,0,1324224,13794,34848,23256,0,5016,0,96,38,209497.7544,175092.0336,168301.3464,0.0,501600.0,0.0,529689.6,1584180.7344,43560,
Conv1,0,121,497,0,0,1324224,13794,34848,23256,0,5016,0,96,38,209497.7544,175092.0336,168301.3464,0.0,501600.0,0.0,529689.6,1584180.7344,43923,
Conv1,0,122,497,0,0,1324224,13794,34848,23256,0,5016,0,96,38,209497.7544,175092.0336,168301.3464,0.0,501600.0,0.0,529689.6,1584180.7344,44286,
Conv1,0,123,497,0,0,1324224,13794,34848,23256,0,5016,0,96,38,209497.7544,175092.0336,168301.3464,0.0,501600.0,0.0,529689.6,1584180.7344,44649,
Conv1,0,124,497,0,0,1324224,13794,34848,23256,0,5016,0,96,38,209497.7544,175092.0336,168301.3464,0.0,501600.0,0.0,529689.6,1584180.7344,45012,
Conv1,0,125,497,0,0,1324224,13794,34848,23256,0,5016,0,96,38,209497.7544,175092.0336,168301.3464,0.0,501600.0,0.0,529689.6,1584180.7344,45375,
Conv1,0,126,497,0,0,1324224,13794,34848,23256,0,5016,0,96,38,209497.7544,175092.0336,168301.3464,0.0,501600.0,0.0,529689.6,1584180.7344,45738,
Conv1,0,127,497,0,0,1324224,13794,34848,23256,0,5016,0,96,38,209497.7544,175092.0336,168301.3464,0.0,501600.0,0.0,529689.6,1584180.7344,46101,
Conv1,0,128,497,0,0,1324224,13794,34848,23256,0,5016,0,96,38,209497.7544,175092.0336,168301.3464,0.0,501600.0,0.0,529689.6,1584180.7344,46464,
Conv1,0,129,497,0,0,1324224,13794,34848,23256,0,5016,0,96,38,209497.7544,175092.0336,168301.3464,0.0,501600.0,0.0,529689.6,1584180.7344,46827,
Conv1,0,130,497,0,0,1324224,13794,34848,23256,0,5016,0,96,38,209497.7544,175092.0336,168301.3464,0.0,501600.0,0.0,529689.6,1584180.7344,47190,
Conv1,0,131,497,0,0,1324224,13794,34848,23256,0,5016,0,96,38,209497.7544,175092.0336,168301.3464,0.0,501600.0,0.0,529689.6,1584180.7344,47553,
Conv1,0,132,497,0,0,1324224,13794,34848,23256,0,5016,0,96,38,209497.7544,175092.0336,168301.3464,0.0,501600.0,0.0,529689.6,1584180.7344,47916,
Conv1,0,133,497,0,0,1324224,13794,34848,23256,0,5016,0,96,38,209497.7544,175092.0336,168301.3464,0.0,501600.0,0.0,529689.6,1584180.7344,48279,
Conv1,0,134,497,0,0,1324224,13794,34848,23256,0,5016,0,96,38,209497.7544,175092.0336,168301.3464,0.0,501600.0,0.0,529689.6,1584180.7344,48642,
Conv1,0,135,497,0,0,1324224,13794,34848,23256,0,5016,0,96,38,209497.7544,175092.0336,168301.3464,0.0,501600.0,0.0,529689.6,1584180.7344,49005,
Conv1,0,136,497,0,0,1324224,13794,34848,23256,0,5016,0,96,38,209497.7544,175092.0336,168301.3464,0.0,501600.0,0.0,529689.6,1584180.7344,49368,
Conv1,0,137,497,0,0,1324224,13794,34848,23256,0,5016,0,96,38,209497.7544,175092.0336,168301.3464,0.0,501600.0,0.0,529689.6,1584180.7344,49731,
Conv1,0,138,497,0,0,1324224,13794,34848,23256,0,5016,0,96,38,209497.7544,175092.0336,168301.3464,0.0,501600.0,0.0,529689.6,1584180.7344,50094,
Conv1,0,139,497,0,0,1324224,13794,34848,23256,0,5016,0,96,38,209497.7544,175092.0336,168301.3464,0.0,501600.0,0.0,529689.6,1584180.7344,50457,
Conv1,0,140,497,0,0,1324224,13794,34848,23256,0,5016,0,96,38,209497.7544,175092.0336,168301.3464,0.0,501600.0,0.0,529689.6,1584180.7344,50820,
Conv1,0,141,497,0,0,1324224,13794,34848,23256,0,5016,0,96,38,209497.7544,175092.0336,168301.3464,0.0,501600.0,0.0,529689.6,1584180.7344,51183,
Conv1,0,142,497,0,0,1324224,13794,34848,23256,0,5016,0,96,38,209497.7544,175092.0336,168301.3464,0.0,501600.0,0.0,529689.6,1584180.7344,51546,
Conv1,0,143,497,0,0,1324224,13794,34848,23256,0,5016,0,96,38,209497.7544,175092.0336,168301.3464,0.0,501600.0,0.0,529689.6,1584180.7344,51909,
Conv1,0,144,497,0,0,1324224,13794,34848,23256,0,5016,0,96,38,209497.7544,175092.0336,168301.3464,0.0,501600.0,0.0,529689.6,1584180.7344,52272,
Conv1,0,145,497,0,0,1324224,13794,34848,23256,0,5016,0,96,38,209497.7544,175092.0336,168301.3464,0.0,501600.0,0.0,529689.6,1584180.7344,52635,
Conv1,0,146,497,0,0,1324224,13794,34848,23256,0,5016,0,96,38,209497.7544,175092.0336,168301.3464,0.0,501600.0,0.0,529689.6,1584180.7344,52998,
Conv1,0,147,497,0,0,1324224,13794,34848,23256,0,5016,0,96,38,209497.7544,175092.0336,168301.3464,0.0,501600.0,0.0,529689.6,1584180.7344,53361,
Conv1,0,148,497,0,0,1324224,13794,34848,23256,0,5016,0,96,38,209497.7544,175092.0336,168301.3464,0.0,501600.0,0.0,529689.6,1584180.7344,53724,
Conv1,0,149,497,0,0,1324224,13794,34848,23256,0,5016,0,96,38,209497.7544,175092.0336,168301.3464,0.0,501600.0,0.0,529689.6,1584180.7344,54087,
Conv1,0,150,497,0,0,1324224,13794,34848,23256,0,5016,0,96,38,209497.7544,175092.0336,168301.3464,0.0,501600.0,0.0,529689.6,1584180.7344,54450,
Conv1,0,151,497,0,0,1324224,13794,34848,23256,0,5016,0,96,38,209497.7544,175092.0336,168301.3464,0.0,501600.0,0.0,529689.6,1584180.7344,54813,
Conv1,0,152,497,0,0,1324224,13794,34848,23256,0,5016,0,96,38,209497.7544,175092.0336,168301.3464,0.0,501600.0,0.0,529689.6,1584180.7344,55176,
Conv1,0,153,497,0,0,1324224,13794,34848,23256,0,5016,0,96,38,209497.7544,175092.0336,168301.3464,0.0,501600.0,0.0,529689.6,1584180.7344,55539,
Conv1,0,154,497,0,0,1324224,13794,34848,23256,0,5016,0,96,38,209497.7544,175092.0336,168301.3464,0.0,501600.0,0.0,529689.6,1584180.7344,55902,
Conv1,0,155,497,0,0,1324224,13794,34848,23256,0,5016,0,96,38,209497.7544,175092.0336,168301.3464,0.0,501600.0,0.0,529689.6,1584180.7344,56265,
Conv1,0,156,497,0,0,1324224,13794,34848,23256,0,5016,0,96,38,209497.7544,175092.0336,168301.3464,0.0,501600.0,0.0,529689.6,1584180.7344,56628,
Conv1,0,157,497,0,0,1324224,13794,34848,23256,0,5016,0,96,38,209497.7544,175092.0336,168301.3464,0.0,501600.0,0.0,529689.6,1584180.7344,56991,
Conv1,0,158,497,0,0,1324224,13794,34848,23256,0,5016,0,96,38,209497.7544,175092.0336,168301.3464,0.0,501600.0,0.0,529689.6,1584180.7344,57354,
Conv1,0,159,497,0,0,1324224,13794,34848,23256,0,5016,0,96,38,209497.7544,175092.0336,168301.3464,0.0,501600.0,0.0,529689.6,1584180.7344,57717,
Conv1,0,160,497,0,0,1324224,13794,34848,23256,0,5016,0,96,38,209497.7544,175092.0336,168301.3464,0.0,501600.0,0.0,529689.6,1584180.7344,58080,
Conv1,0,161,497,0,0,1324224,13794,34848,23256,0,5016,0,96,38,209497.7544,175092.0336,168301.3464,0.0,501600.0,0.0,529689.6,1584180.7344,58443,
Conv1,0,162,497,0,0,1324224,13794,34848,23256,0,5016,0,96,38,209497.7544,175092.0336,168301.3464,0.0,501600.0,0.0,529689.6,1584180.7344,58806,
Conv1,0,163,497,0,0,1324224,13794,34848,23256,0,5016,0,96,38,209497.7544,175092.0336,168301.3464,0.0,501600.0,0.0,529689.6,1584180.7344,59169,
Conv1,0,164,497,0,0,1324224,13794,34848,23256,0,5016,0,96,38,209497.7544,175092.0336,168301.3464,0.0,501600.0,0.0,529689.6,1584180.7344,59532,
,,,,,,,,,,,,,,,
Conv1,0,total,60029,1727,168806,1054152000,10980750,5749920,18572136,34848,4086984,0,,,166771238.7,28890185.544,134404691.018,94994.95104,408698400.0,0.0,421660800.0,1160425315.26,170533,
,,,,,,,,,,,,,,,
Conv2,0,0,2912,35752,0,157286400,614400,614400,196608,614400,614400,0,256,256,9331261.44,3087022.08,1422832.4352,1674842.112,61440000.0,0.0,62914560.0,139870518.067,0,
Conv2,0,1,2912,0,0,157286400,614400,614400,196608,0,0,0,256,256,9331261.44,3087022.08,1422832.4352,0.0,0.0,0.0,62914560.0,76755675.9552,2400,
Conv2,0,2,2912,0,0,157286400,614400,614400,196608,0,0,0,256,256,9331261.44,3087022.08,1422832.4352,0.0,0.0,0.0,62914560.0,76755675.9552,4800,
Conv2,0,3,2912,0,0,157286400,614400,614400,196608,0,0,0,256,256,9331261.44,3087022.08,1422832.4352,0.0,0.0,0.0,62914560.0,76755675.9552,7200,
Conv2,0,4,2912,0,0,157286400,614400,614400,196608,0,0,0,256,256,9331261.44,3087022.08,1422832.4352,0.0,0.0,0.0,62914560.0,76755675.9552,9600,
Conv2,0,5,2912,0,0,157286400,614400,614400,196608,0,0,0,256,256,9331261.44,3087022.08,1422832.4352,0.0,0.0,0.0,62914560.0,76755675.9552,12000,
Conv2,0,6,2912,0,0,157286400,614400,614400,196608,0,0,0,256,256,9331261.44,3087022.08,1422832.4352,0.0,0.0,0.0,62914560.0,76755675.9552,14400,
Conv2,0,7,2912,0,0,157286400,614400,614400,196608,0,0,0,256,256,9331261.44,3087022.08,1422832.4352,0.0,0.0,0.0,62914560.0,76755675.9552,16800,
Conv2,0,8,2912,0,0,157286400,614400,614400,196608,0,0,0,256,256,9331261.44,3087022.08,1422832.4352,0.0,0.0,0.0,62914560.0,76755675.9552,19200,
Conv2,0,9,2912,0,0,157286400,614400,614400,196608,0,0,0,256,256,9331261.44,3087022.08,1422832.4352,0.0,0.0,0.0,62914560.0,76755675.9552,21600,
Conv2,0,10,2912,0,0,157286400,614400,614400,196608,0,0,0,256,256,9331261.44,3087022.08,1422832.4352,0.0,0.0,0.0,62914560.0,76755675.9552,24000,
Conv2,0,11,2912,0,0,157286400,614400,614400,196608,0,0,0,256,256,9331261.44,3087022.08,1422832.4352,0.0,0.0,0.0,62914560.0,76755675.9552,26400,
Conv2,0,12,2912,0,0,157286400,614400,614400,196608,0,0,0,256,256,9331261.44,3087022.08,1422832.4352,0.0,0.0,0.0,62914560.0,76755675.9552,28800,
Conv2,0,13,2912,0,0,157286400,614400,614400,196608,0,0,0,256,256,9331261.44,3087022.08,1422832.4352,0.0,0.0,0.0,62914560.0,76755675.9552,31200,
Conv2,0,14,2912,0,0,157286400,614400,614400,196608,0,0,0,256,256,9331261.44,3087022.08,1422832.4352,0.0,0.0,0.0,62914560.0,76755675.9552,33600,
Conv2,0,15,2912,0,0,157286400,614400,614400,196608,0,0,0,256,256,9331261.44,3087022.08,1422832.4352,0.0,0.0,0.0,62914560.0,76755675.9552,36000,
Conv2,0,16,2912,0,0,157286400,614400,614400,196608,0,0,0,256,256,9331261.44,3087022.08,1422832.4352,0.0,0.0,0.0,62914560.0,76755675.9552,38400,
Conv2,0,17,2912,0,0,157286400,614400,614400,196608,0,0,0,256,256,9331261.44,3087022.08,1422832.4352,0.0,0.0,0.0,62914560.0,76755675.9552,40800,
Conv2,0,18,2912,0,0,157286400,614400,614400,196608,0,0,0,256,256,9331261.44,3087022.08,1422832.4352,0.0,0.0,0.0,62914560.0,76755675.9552,43200,
Conv2,0,19,2912,0,0,157286400,614400,614400,196608,0,0,0,256,256,9331261.44,3087022.08,1422832.4352,0.0,0.0,0.0,62914560.0,76755675.9552,45600,
Conv2,0,20,2912,0,0,157286400,614400,614400,196608,0,0,0,256,256,9331261.44,3087022.08,1422832.4352,0.0,0.0,0.0,62914560.0,76755675.9552,48000,
Conv2,0,21,2912,0,0,157286400,614400,614400,196608,0,0,0,256,256,9331261.44,3087022.08,1422832.4352,0.0,0.0,0.0,62914560.0,76755675.9552,50400,
Conv2,0,22,2912,0,0,157286400,614400,614400,196608,0,0,0,256,256,9331261.44,3087022.08,1422832.4352,0.0,0.0,0.0,62914560.0,76755675.9552,52800,
Conv2,0,23,2912,0,0,157286400,614400,614400,196608,0,0,0,256,256,9331261.44,3087022.08,1422832.4352,0.0,0.0,0.0,62914560.0,76755675.9552,55200,
Conv2,0,24,2912,0,0,157286400,614400,614400,196608,0,0,0,256,256,9331261.44,3087022.08,1422832.4352,0.0,0.0,0.0,62914560.0,76755675.9552,57600,
Conv2,0,25,2912,0,0,157286400,614400,614400,196608,0,0,0,256,256,9331261.44,3087022.08,1422832.4352,0.0,0.0,0.0,62914560.0,76755675.9552,60000,
Conv2,0,26,2912,0,0,157286400,614400,614400,196608,0,0,0,256,256,9331261.44,3087022.08,1422832.4352,0.0,0.0,0.0,62914560.0,76755675.9552,62400,
Conv2,0,27,2912,0,0,157286400,614400,614400,196608,0,0,0,256,256,9331261.44,3087022.08,1422832.4352,0.0,0.0,0.0,62914560.0,76755675.9552,64800,
Conv2,0,28,2912,0,0,157286400,614400,614400,196608,0,0,0,256,256,9331261.44,3087022.08,1422832.4352,0.0,0.0,0.0,62914560.0,76755675.9552,67200,
Conv2,0,29,2912,0,0,157286400,614400,614400,196608,0,0,0,256,256,9331261.44,3087022.08,1422832.4352,0.0,0.0,0.0,62914560.0,76755675.9552,69600,
Conv2,0,30,2912,0,0,157286400,614400,614400,196608,0,0,0,256,256,9331261.44,3087022.08,1422832.4352,0.0,0.0,0.0,62914560.0,76755675.9552,72000,
Conv2,0,31,2912,0,0,157286400,614400,614400,196608,0,0,0,256,256,9331261.44,3087022.08,1422832.4352,0.0,0.0,0.0,62914560.0,76755675.9552,74400,
Conv2,0,32,2912,0,0,157286400,614400,614400,196608,0,0,0,256,256,9331261.44,3087022.08,1422832.4352,0.0,0.0,0.0,62914560.0,76755675.9552,76800,
Conv2,0,33,2912,0,0,157286400,614400,614400,196608,0,0,0,256,256,9331261.44,3087022.08,1422832.4352,0.0,0.0,0.0,62914560.0,76755675.9552,79200,
Conv2,0,34,2912,0,0,157286400,614400,614400,196608,0,0,0,256,256,9331261.44,3087022.08,1422832.4352,0.0,0.0,0.0,62914560.0,76755675.9552,81600,
Conv2,0,35,2912,0,0,157286400,614400,614400,196608,0,0,0,256,256,9331261.44,3087022.08,1422832.4352,0.0,0.0,0.0,62914560.0,76755675.9552,84000,
Conv2,0,36,2912,0,0,157286400,614400,614400,196608,0,0,0,256,256,9331261.44,3087022.08,1422832.4352,0.0,0.0,0.0,62914560.0,76755675.9552,86400,
Conv2,0,37,2912,0,0,157286400,614400,614400,196608,0,0,0,256,256,9331261.44,3087022.08,1422832.4352,0.0,0.0,0.0,62914560.0,76755675.9552,88800,
Conv2,0,38,2912,0,0,157286400,614400,614400,196608,0,0,0,256,256,9331261.44,3087022.08,1422832.4352,0.0,0.0,0.0,62914560.0,76755675.9552,91200,
Conv2,0,39,2912,0,0,157286400,614400,614400,196608,0,0,0,256,256,9331261.44,3087022.08,1422832.4352,0.0,0.0,0.0,62914560.0,76755675.9552,93600,
Conv2,0,40,2912,0,0,157286400,614400,614400,196608,0,0,0,256,256,9331261.44,3087022.08,1422832.4352,0.0,0.0,0.0,62914560.0,76755675.9552,96000,
Conv2,0,41,2912,0,0,157286400,614400,614400,196608,0,0,0,256,256,9331261.44,3087022.08,1422832.4352,0.0,0.0,0.0,62914560.0,76755675.9552,98400,
Conv2,0,42,2912,0,0,157286400,614400,614400,196608,0,0,0,256,256,9331261.44,3087022.08,1422832.4352,0.0,0.0,0.0,62914560.0,76755675.9552,100800,
Conv2,0,43,2912,0,0,157286400,614400,614400,196608,0,0,0,256,256,9331261.44,3087022.08,1422832.4352,0.0,0.0,0.0,62914560.0,76755675.9552,103200,
Conv2,0,44,2912,0,0,157286400,614400,614400,196608,0,0,0,256,256,9331261.44,3087022.08,1422832.4352,0.0,0.0,0.0,62914560.0,76755675.9552,105600,
Conv2,0,45,2912,0,0,157286400,614400,614400,196608,0,0,0,256,256,9331261.44,3087022.08,1422832.4352,0.0,0.0,0.0,62914560.0,76755675.9552,108000,
Conv2,0,46,2912,0,0,157286400,614400,614400,196608,0,0,0,256,256,9331261.44,3087022.08,1422832.4352,0.0,0.0,0.0,62914560.0,76755675.9552,110400,
Conv2,0,47,2912,0,0,157286400,614400,614400,196608,0,0,0,256,256,9331261.44,3087022.08,1422832.4352,0.0,0.0,0.0,62914560.0,76755675.9552,112800,
Conv2,0,48,2912,0,0,157286400,614400,614400,196608,0,0,0,256,256,9331261.44,3087022.08,1422832.4352,0.0,0.0,0.0,62914560.0,76755675.9552,115200,
Conv2,0,49,2912,0,0,157286400,614400,614400,196608,0,0,0,256,256,9331261.44,3087022.08,1422832.4352,0.0,0.0,0.0,62914560.0,76755675.9552,117600,
Conv2,0,50,2912,0,0,157286400,614400,614400,196608,0,0,0,256,256,9331261.44,3087022.08,1422832.4352,0.0,0.0,0.0,62914560.0,76755675.9552,120000,
Conv2,0,51,2910,0,0,156057600,609600,614400,195072,0,0,0,256,254,9258360.96,3087022.08,1411716.5568,0.0,0.0,0.0,62423040.0,76180139.5968,122400,
Conv2,0,52,2910,0,0,156057600,609600,614400,195072,0,0,0,256,254,9258360.96,3087022.08,1411716.5568,0.0,0.0,0.0,62423040.0,76180139.5968,124800,
Conv2,0,53,2910,0,0,156057600,609600,614400,195072,0,0,0,256,254,9258360.96,3087022.08,1411716.5568,0.0,0.0,0.0,62423040.0,76180139.5968,127200,
Conv2,0,54,2910,0,0,156057600,609600,614400,195072,0,0,0,256,254,9258360.96,3087022.08,1411716.5568,0.0,0.0,0.0,62423040.0,76180139.5968,129600,
Conv2,0,55,2910,0,0,156057600,609600,614400,195072,0,0,0,256,254,9258360.96,3087022.08,1411716.5568,0.0,0.0,0.0,62423040.0,76180139.5968,132000,
Conv2,0,56,2910,0,0,156057600,609600,614400,195072,0,0,0,256,254,9258360.96,3087022.08,1411716.5568,0.0,0.0,0.0,62423040.0,76180139.5968,134400,
Conv2,0,57,2910,0,0,156057600,609600,614400,195072,0,0,0,256,254,9258360.96,3087022.08,1411716.5568,0.0,0.0,0.0,62423040.0,76180139.5968,136800,
Conv2,0,58,2910,0,0,156057600,609600,614400,195072,0,0,0,256,254,9258360.96,3087022.08,1411716.5568,0.0,0.0,0.0,62423040.0,76180139.5968,139200,
Conv2,0,59,2910,0,0,156057600,609600,614400,195072,0,0,0,256,254,9258360.96,3087022.08,1411716.5568,0.0,0.0,0.0,62423040.0,76180139.5968,141600,
Conv2,0,60,2910,0,0,156057600,609600,614400,195072,0,0,0,256,254,9258360.96,3087022.08,1411716.5568,0.0,0.0,0.0,62423040.0,76180139.5968,144000,
Conv2,0,61,2910,0,0,156057600,609600,614400,195072,0,0,0,256,254,9258360.96,3087022.08,1411716.5568,0.0,0.0,0.0,62423040.0,76180139.5968,146400,
Conv2,0,62,2910,0,0,156057600,609600,614400,195072,0,0,0,256,254,9258360.96,3087022.08,1411716.5568,0.0,0.0,0.0,62423040.0,76180139.5968,148800,
Conv2,0,63,2910,0,0,156057600,609600,614400,195072,0,0,0,256,254,9258360.96,3087022.08,1411716.5568,0.0,0.0,0.0,62423040.0,76180139.5968,151200,
Conv2,0,64,2910,0,0,156057600,609600,614400,195072,0,0,0,256,254,9258360.96,3087022.08,1411716.5568,0.0,0.0,0.0,62423040.0,76180139.5968,153600,
Conv2,0,65,2910,0,0,156057600,609600,614400,195072,0,0,0,256,254,9258360.96,3087022.08,1411716.5568,0.0,0.0,0.0,62423040.0,76180139.5968,156000,
Conv2,0,66,2910,0,0,156057600,609600,614400,195072,0,0,0,256,254,9258360.96,3087022.08,1411716.5568,0.0,0.0,0.0,62423040.0,76180139.5968,158400,
Conv2,0,67,2910,0,0,156057600,609600,614400,195072,0,0,0,256,254,9258360.96,3087022.08,1411716.5568,0.0,0.0,0.0,62423040.0,76180139.5968,160800,
Conv2,0,68,2910,0,0,156057600,609600,614400,195072,0,0,0,256,254,9258360.96,3087022.08,1411716.5568,0.0,0.0,0.0,62423040.0,76180139.5968,163200,
Conv2,0,69,2910,0,0,156057600,609600,614400,195072,0,0,0,256,254,9258360.96,3087022.08,1411716.5568,0.0,0.0,0.0,62423040.0,76180139.5968,165600,
Conv2,0,70,2910,0,0,156057600,609600,614400,195072,0,0,0,256,254,9258360.96,3087022.08,1411716.5568,0.0,0.0,0.0,62423040.0,76180139.5968,168000,
Conv2,0,71,2910,0,0,156057600,609600,614400,195072,0,0,0,256,254,9258360.96,3087022.08,1411716.5568,0.0,0.0,0.0,62423040.0,76180139.5968,170400,
Conv2,0,72,2910,0,0,156057600,609600,614400,195072,0,0,0,256,254,9258360.96,3087022.08,1411716.5568,0.0,0.0,0.0,62423040.0,76180139.5968,172800,
Conv2,0,73,2910,0,0,156057600,609600,614400,195072,0,0,0,256,254,9258360.96,3087022.08,1411716.5568,0.0,0.0,0.0,62423040.0,76180139.5968,175200,
Conv2,0,74,2910,0,0,156057600,609600,614400,195072,0,0,0,256,254,9258360.96,3087022.08,1411716.5568,0.0,0.0,0.0,62423040.0,76180139.5968,177600,
Conv2,0,75,2910,0,0,156057600,609600,614400,195072,0,0,0,256,254,9258360.96,3087022.08,1411716.5568,0.0,0.0,0.0,62423040.0,76180139.5968,180000,
Conv2,0,76,2910,0,0,156057600,609600,614400,195072,0,0,0,256,254,9258360.96,3087022.08,1411716.5568,0.0,0.0,0.0,62423040.0,76180139.5968,182400,
Conv2,0,77,2910,0,0,156057600,609600,614400,195072,0,0,0,256,254,9258360.96,3087022.08,1411716.5568,0.0,0.0,0.0,62423040.0,76180139.5968,184800,
Conv2,0,78,2910,0,0,156057600,609600,614400,195072,0,0,0,256,254,9258360.96,3087022.08,1411716.5568,0.0,0.0,0.0,62423040.0,76180139.5968,187200,
Conv2,0,79,2910,0,0,156057600,609600,614400,195072,0,0,0,256,254,9258360.96,3087022.08,1411716.5568,0.0,0.0,0.0,62423040.0,76180139.5968,189600,
Conv2,0,80,2910,0,0,156057600,609600,614400,195072,0,0,0,256,254,9258360.96,3087022.08,1411716.5568,0.0,0.0,0.0,62423040.0,76180139.5968,192000,
Conv2,0,81,2910,0,0,156057600,609600,614400,195072,0,0,0,256,254,9258360.96,3087022.08,1411716.5568,0.0,0.0,0.0,62423040.0,76180139.5968,194400,
Conv2,0,82,2910,0,0,156057600,609600,614400,195072,0,0,0,256,254,9258360.96,3087022.08,1411716.5568,0.0,0.0,0.0,62423040.0,76180139.5968,196800,
Conv2,0,83,2910,0,0,156057600,609600,614400,195072,0,0,0,256,254,9258360.96,3087022.08,1411716.5568,0.0,0.0,0.0,62423040.0,76180139.5968,199200,
Conv2,0,84,2910,0,0,156057600,609600,614400,195072,0,0,0,256,254,9258360.96,3087022.08,1411716.5568,0.0,0.0,0.0,62423040.0,76180139.5968,201600,
Conv2,0,85,2910,0,0,156057600,609600,614400,195072,0,0,0,256,254,9258360.96,3087022.08,1411716.5568,0.0,0.0,0.0,62423040.0,76180139.5968,204000,
Conv2,0,86,2910,0,0,156057600,609600,614400,195072,0,0,0,256,254,9258360.96,3087022.08,1411716.5568,0.0,0.0,0.0,62423040.0,76180139.5968,206400,
Conv2,0,87,2910,0,0,156057600,609600,614400,195072,0,0,0,256,254,9258360.96,3087022.08,1411716.5568,0.0,0.0,0.0,62423040.0,76180139.5968,208800,
Conv2,0,88,2910,0,0,156057600,609600,614400,195072,0,0,0,256,254,9258360.96,3087022.08,1411716.5568,0.0,0.0,0.0,62423040.0,76180139.5968,211200,
Conv2,0,89,2910,0,0,156057600,609600,614400,195072,0,0,0,256,254,9258360.96,3087022.08,1411716.5568,0.0,0.0,0.0,62423040.0,76180139.5968,213600,
Conv2,0,90,2910,0,0,156057600,609600,614400,195072,0,0,0,256,254,9258360.96,3087022.08,1411716.5568,0.0,0.0,0.0,62423040.0,76180139.5968,216000,
Conv2,0,91,2910,0,0,156057600,609600,614400,195072,0,0,0,256,254,9258360.96,3087022.08,1411716.5568,0.0,0.0,0.0,62423040.0,76180139.5968,218400,
Conv2,0,92,2910,0,0,156057600,609600,614400,195072,0,0,0,256,254,9258360.96,3087022.08,1411716.5568,0.0,0.0,0.0,62423040.0,76180139.5968,220800,
Conv2,0,93,2910,0,0,156057600,609600,614400,195072,0,0,0,256,254,9258360.96,3087022.08,1411716.5568,0.0,0.0,0.0,62423040.0,76180139.5968,223200,
Conv2,0,94,2910,0,0,156057600,609600,614400,195072,0,0,0,256,254,9258360.96,3087022.08,1411716.5568,0.0,0.0,0.0,62423040.0,76180139.5968,225600,
Conv2,0,95,2910,0,0,156057600,609600,614400,195072,0,0,0,256,254,9258360.96,3087022.08,1411716.5568,0.0,0.0,0.0,62423040.0,76180139.5968,228000,
Conv2,0,96,2910,0,0,156057600,609600,614400,195072,0,0,0,256,254,9258360.96,3087022.08,1411716.5568,0.0,0.0,0.0,62423040.0,76180139.5968,230400,
Conv2,0,97,2910,0,0,156057600,609600,614400,195072,0,0,0,256,254,9258360.96,3087022.08,1411716.5568,0.0,0.0,0.0,62423040.0,76180139.5968,232800,
Conv2,0,98,2910,0,0,156057600,609600,614400,195072,0,0,0,256,254,9258360.96,3087022.08,1411716.5568,0.0,0.0,0.0,62423040.0,76180139.5968,235200,
Conv2,0,99,2910,0,0,156057600,609600,614400,195072,0,0,0,256,254,9258360.96,3087022.08,1411716.5568,0.0,0.0,0.0,62423040.0,76180139.5968,237600,
Conv2,0,100,2910,0,0,156057600,609600,614400,195072,0,0,0,256,254,9258360.96,3087022.08,1411716.5568,0.0,0.0,0.0,62423040.0,76180139.5968,240000,
Conv2,0,101,2910,0,0,156057600,609600,614400,195072,0,0,0,256,254,9258360.96,3087022.08,1411716.5568,0.0,0.0,0.0,62423040.0,76180139.5968,242400,
,,,,,,,,,,,,,,,
Conv2,0,total,245310,35752,0,15980544000,62424000,62668800,19975680,614400,614400,0,,,948070742.4,314876252.16,144561998.592,1674842.112,61440000.0,0.0,6392217600.0,7861166593.15,35752,
,,,,,,,,,,,,,,,
Conv3,0,0,2810,34312,0,147456000,576000,589824,192000,589824,589824,0,256,250,8748057.6,2963541.1968,1389484.8,1607848.42752,58982400.0,0.0,58982400.0,132673732.024,0,
Conv3,0,1,2810,0,0,147456000,576000,589824,192000,0,0,0,256,250,8748057.6,2963541.1968,1389484.8,0.0,0.0,0.0,58982400.0,72083483.5968,2304,
Conv3,0,2,2810,0,0,147456000,576000,589824,192000,0,0,0,256,250,8748057.6,2963541.1968,1389484.8,0.0,0.0,0.0,58982400.0,72083483.5968,4608,
Conv3,0,3,2810,0,0,147456000,576000,589824,192000,0,0,0,256,250,8748057.6,2963541.1968,1389484.8,0.0,0.0,0.0,58982400.0,72083483.5968,6912,
Conv3,0,4,2810,0,0,147456000,576000,589824,192000,0,0,0,256,250,8748057.6,2963541.1968,1389484.8,0.0,0.0,0.0,58982400.0,72083483.5968,9216,
Conv3,0,5,2810,0,0,147456000,576000,589824,192000,0,0,0,256,250,8748057.6,2963541.1968,1389484.8,0.0,0.0,0.0,58982400.0,72083483.5968,11520,
Conv3,0,6,2810,0,0,147456000,576000,589824,192000,0,0,0,256,250,8748057.6,2963541.1968,1389484.8,0.0,0.0,0.0,58982400.0,72083483.5968,13824,
Conv3,0,7,2810,0,0,147456000,576000,589824,192000,0,0,0,256,250,8748057.6,2963541.1968,1389484.8,0.0,0.0,0.0,58982400.0,72083483.5968,16128,
Conv3,0,8,2810,0,0,147456000,576000,589824,192000,0,0,0,256,250,8748057.6,2963541.1968,1389484.8,0.0,0.0,0.0,58982400.0,72083483.5968,18432,
Conv3,0,9,2810,0,0,147456000,576000,589824,192000,0,0,0,256,250,8748057.6,2963541.1968,1389484.8,0.0,0.0,0.0,58982400.0,72083483.5968,20736,
Conv3,0,10,2810,0,0,147456000,576000,589824,192000,0,0,0,256,250,8748057.6,2963541.1968,1389484.8,0.0,0.0,0.0,58982400.0,72083483.5968,23040,
Conv3,0,11,2810,0,0,147456000,576000,589824,192000,0,0,0,256,250,8748057.6,2963541.1968,1389484.8,0.0,0.0,0.0,58982400.0,72083483.5968,25344,
Conv3,0,12,2810,0,0,147456000,576000,589824,192000,0,0,0,256,250,8748057.6,2963541.1968,1389484.8,0.0,0.0,0.0,58982400.0,72083483.5968,27648,
Conv3,0,13,2810,0,0,147456000,576000,589824,192000,0,0,0,256,250,8748057.6,2963541.1968,1389484.8,0.0,0.0,0.0,58982400.0,72083483.5968,29952,
Conv3,0,14,2810,0,0,147456000,576000,589824,192000,0,0,0,256,250,8748057.6,2963541.1968,1389484.8,0.0,0.0,0.0,58982400.0,72083483.5968,32256,
Conv3,0,15,2810,0,0,147456000,576000,589824,192000,0,0,0,256,250,8748057.6,2963541.1968,1389484.8,0.0,0.0,0.0,58982400.0,72083483.5968,34560,
Conv3,0,16,2810,0,0,147456000,576000,589824,192000,0,0,0,256,250,8748057.6,2963541.1968,1389484.8,0.0,0.0,0.0,58982400.0,72083483.5968,36864,
Conv3,0,17,2810,0,0,147456000,576000,589824,192000,0,0,0,256,250,8748057.6,2963541.1968,1389484.8,0.0,0.0,0.0,58982400.0,72083483.5968,39168,
Conv3,0,18,2810,0,0,147456000,576000,589824,192000,0,0,0,256,250,8748057.6,2963541.1968,1389484.8,0.0,0.0,0.0,58982400.0,72083483.5968,41472,
Conv3,0,19,2810,0,0,147456000,576000,589824,192000,0,0,0,256,250,8748057.6,2963541.1968,1389484.8,0.0,0.0,0.0,58982400.0,72083483.5968,43776,
Conv3,0,20,2810,0,0,147456000,576000,589824,192000,0,0,0,256,250,8748057.6,2963541.1968,1389484.8,0.0,0.0,0.0,58982400.0,72083483.5968,46080,
Conv3,0,21,2810,0,0,147456000,576000,589824,192000,0,0,0,256,250,8748057.6,2963541.1968,1389484.8,0.0,0.0,0.0,58982400.0,72083483.5968,48384,
Conv3,0,22,2810,0,0,147456000,576000,589824,192000,0,0,0,256,250,8748057.6,2963541.1968,1389484.8,0.0,0.0,0.0,58982400.0,72083483.5968,50688,
Conv3,0,23,2810,0,0,147456000,576000,589824,192000,0,0,0,256,250,8748057.6,2963541.1968,1389484.8,0.0,0.0,0.0,58982400.0,72083483.5968,52992,
Conv3,0,24,2810,0,0,147456000,576000,589824,192000,0,0,0,256,250,8748057.6,2963541.1968,1389484.8,0.0,0.0,0.0,58982400.0,72083483.5968,55296,
,,,,,,,,,,,,,,,
Conv3,0,total,58106,34312,0,3686400000,14400000,14745600,4800000,589824,589824,0,,,218701440.0,74088529.92,34737120.0,1607848.42752,58982400.0,0.0,1474560000.0,1861069489.92,34312,
,,,,,,,,,,,,,,,
Conv3,1,0,2682,16008,0,73728000,576000,294912,96000,294912,294912,0,128,250,8748057.6,1481770.5984,694742.4,803924.21376,29491200.0,0.0,29491200.0,70710894.8122,58106,
Conv3,1,1,2682,0,0,73728000,576000,294912,96000,0,0,0,128,250,8748057.6,1481770.5984,694742.4,0.0,0.0,0.0,29491200.0,40415770.5984,60410,
Conv3,1,2,2682,0,0,73728000,576000,294912,96000,0,0,0,128,250,8748057.6,1481770.5984,694742.4,0.0,0.0,0.0,29491200.0,40415770.5984,62714,
Conv3,1,3,2682,0,0,73728000,576000,294912,96000,0,0,0,128,250,8748057.6,1481770.5984,694742.4,0.0,0.0,0.0,29491200.0,40415770.5984,65018,
Conv3,1,4,2682,0,0,73728000,576000,294912,96000,0,0,0,128,250,8748057.6,1481770.5984,694742.4,0.0,0.0,0.0,29491200.0,40415770.5984,67322,
Conv3,1,5,2682,0,0,73728000,576000,294912,96000,0,0,0,128,250,8748057.6,1481770.5984,694742.4,0.0,0.0,0.0,29491200.0,40415770.5984,69626,
Conv3,1,6,2682,0,0,73728000,576000,294912,96000,0,0,0,128,250,8748057.6,1481770.5984,694742.4,0.0,0.0,0.0,29491200.0,40415770.5984,71930,
Conv3,1,7,2682,0,0,73728000,576000,294912,96000,0,0,0,128,250,8748057.6,1481770.5984,694742.4,0.0,0.0,0.0,29491200.0,40415770.5984,74234,
Conv3,1,8,2682,0,0,73728000,576000,294912,96000,0,0,0,128,250,8748057.6,1481770.5984,694742.4,0.0,0.0,0.0,29491200.0,40415770.5984,76538,
Conv3,1,9,2682,0,0,73728000,576000,294912,96000,0,0,0,128,250,8748057.6,1481770.5984,694742.4,0.0,0.0,0.0,29491200.0,40415770.5984,78842,
Conv3,1,10,2682,0,0,73728000,576000,294912,96000,0,0,0,128,250,8748057.6,1481770.5984,694742.4,0.0,0.0,0.0,29491200.0,40415770.5984,81146,
Conv3,1,11,2682,0,0,73728000,576000,294912,96000,0,0,0,128,250,8748057.6,1481770.5984,694742.4,0.0,0.0,0.0,29491200.0,40415770.5984,83450,
Conv3,1,12,2682,0,0,73728000,576000,294912,96000,0,0,0,128,250,8748057.6,1481770.5984,694742.4,0.0,0.0,0.0,29491200.0,40415770.5984,85754,
Conv3,1,13,2682,0,0,73728000,576000,294912,96000,0,0,0,128,250,8748057.6,1481770.5984,694742.4,0.0,0.0,0.0,29491200.0,40415770.5984,88058,
Conv3,1,14,2682,0,0,73728000,576000,294912,96000,0,0,0,128,250,8748057.6,1481770.5984,694742.4,0.0,0.0,0.0,29491200.0,40415770.5984,90362,
Conv3,1,15,2682,0,0,73728000,576000,294912,96000,0,0,0,128,250,8748057.6,1481770.5984,694742.4,0.0,0.0,0.0,29491200.0,40415770.5984,92666,
Conv3,1,16,2682,0,0,73728000,576000,294912,96000,0,0,0,128,250,8748057.6,1481770.5984,694742.4,0.0,0.0,0.0,29491200.0,40415770.5984,94970,
Conv3,1,17,2682,0,0,73728000,576000,294912,96000,0,0,0,128,250,8748057.6,1481770.5984,694742.4,0.0,0.0,0.0,29491200.0,40415770.5984,97274,
Conv3,1,18,2682,0,0,73728000,576000,294912,96000,0,0,0,128,250,8748057.6,1481770.5984,694742.4,0.0,0.0,0.0,29491200.0,40415770.5984,99578,
Conv3,1,19,2682,0,0,73728000,576000,294912,96000,0,0,0,128,250,8748057.6,1481770.5984,694742.4,0.0,0.0,0.0,29491200.0,40415770.5984,101882,
Conv3,1,20,2682,0,0,73728000,576000,294912,96000,0,0,0,128,250,8748057.6,1481770.5984,694742.4,0.0,0.0,0.0,29491200.0,40415770.5984,104186,
Conv3,1,21,2682,0,0,73728000,576000,294912,96000,0,0,0,128,250,8748057.6,1481770.5984,694742.4,0.0,0.0,0.0,29491200.0,40415770.5984,106490,
Conv3,1,22,2682,0,0,73728000,576000,294912,96000,0,0,0,128,250,8748057.6,1481770.5984,694742.4,0.0,0.0,0.0,29491200.0,40415770.5984,108794,
Conv3,1,23,2682,0,0,73728000,576000,294912,96000,0,0,0,128,250,8748057.6,1481770.5984,694742.4,0.0,0.0,0.0,29491200.0,40415770.5984,111098,
Conv3,1,24,2682,0,0,73728000,576000,294912,96000,0,0,0,128,250,8748057.6,1481770.5984,694742.4,0.0,0.0,0.0,29491200.0,40415770.5984,113402,
,,,,,,,,,,,,,,,
Conv3,1,total,57978,16008,0,1843200000,14400000,7372800,2400000,294912,294912,0,,,218701440.0,37044264.96,17368560.0,803924.21376,29491200.0,0.0,737280000.0,1039885464.96,16008,
,,,,,,,,,,,,,,,
Conv4,0,0,3822,51592,0,97320960,380160,884736,84480,884736,884736,0,256,110,5773718.016,4445311.7952,611373.312,2411772.64128,88473600.0,0.0,38928384.0,140644159.764,0,
Conv4,0,1,3822,0,0,97320960,380160,884736,84480,0,0,0,256,110,5773718.016,4445311.7952,611373.312,0.0,0.0,0.0,38928384.0,49758787.1232,3456,
Conv4,0,2,3822,0,0,97320960,380160,884736,84480,0,0,0,256,110,5773718.016,4445311.7952,611373.312,0.0,0.0,0.0,38928384.0,49758787.1232,6912,
Conv4,0,3,3822,0,0,97320960,380160,884736,84480,0,0,0,256,110,5773718.016,4445311.7952,611373.312,0.0,0.0,0.0,38928384.0,49758787.1232,10368,
Conv4,0,4,3822,0,0,97320960,380160,884736,84480,0,0,0,256,110,5773718.016,4445311.7952,611373.312,0.0,0.0,0.0,38928384.0,49758787.1232,13824,
Conv4,0,5,3822,0,0,97320960,380160,884736,84480,0,0,0,256,110,5773718.016,4445311.7952,611373.312,0.0,0.0,0.0,38928384.0,49758787.1232,17280,
Conv4,0,6,3822,0,0,97320960,380160,884736,84480,0,0,0,256,110,5773718.016,4445311.7952,611373.312,0.0,0.0,0.0,38928384.0,49758787.1232,20736,
Conv4,0,7,3822,0,0,97320960,380160,884736,84480,0,0,0,256,110,5773718.016,4445311.7952,611373.312,0.0,0.0,0.0,38928384.0,49758787.1232,24192,
Conv4,0,8,3822,0,0,97320960,380160,884736,84480,0,0,0,256,110,5773718.016,4445311.7952,611373.312,0.0,0.0,0.0,38928384.0,49758787.1232,27648,
Conv4,0,9,3822,0,0,97320960,380160,884736,84480,0,0,0,256,110,5773718.016,4445311.7952,611373.312,0.0,0.0,0.0,38928384.0,49758787.1232,31104,
Conv4,0,10,3822,0,0,97320960,380160,884736,84480,0,0,0,256,110,5773718.016,4445311.7952,611373.312,0.0,0.0,0.0,38928384.0,49758787.1232,34560,
,,,,,,,,,,,,,,,
Conv4,0,total,38382,51592,0,1070530560,4181760,9732096,929280,884736,884736,0,,,63510898.176,48898429.7472,6725106.432,2411772.64128,88473600.0,0.0,428212224.0,635820258.355,51592,
,,,,,,,,,,,,,,,
Conv4,1,0,3694,24072,0,48660480,380160,442368,42240,442368,442368,0,128,110,5773718.016,2222655.8976,305686.656,1205886.32064,44236800.0,0.0,19464192.0,73208938.8902,38382,
Conv4,1,1,3694,0,0,48660480,380160,442368,42240,0,0,0,128,110,5773718.016,2222655.8976,305686.656,0.0,0.0,0.0,19464192.0,27766252.5696,41838,
Conv4,1,2,3694,0,0,48660480,380160,442368,42240,0,0,0,128,110,5773718.016,2222655.8976,305686.656,0.0,0.0,0.0,19464192.0,27766252.5696,45294,
Conv4,1,3,3694,0,0,48660480,380160,442368,42240,0,0,0,128,110,5773718.016,2222655.8976,305686.656,0.0,0.0,0.0,19464192.0,27766252.5696,48750,
Conv4,1,4,3694,0,0,48660480,380160,442368,42240,0,0,0,128,110,5773718.016,2222655.8976,305686.656,0.0,0.0,0.0,19464192.0,27766252.5696,52206,
Conv4,1,5,3694,0,0,48660480,380160,442368,42240,0,0,0,128,110,5773718.016,2222655.8976,305686.656,0.0,0.0,0.0,19464192.0,27766252.5696,55662,
Conv4,1,6,3694,0,0,48660480,380160,442368,42240,0,0,0,128,110,5773718.016,2222655.8976,305686.656,0.0,0.0,0.0,19464192.0,27766252.5696,59118,
Conv4,1,7,3694,0,0,48660480,380160,442368,42240,0,0,0,128,110,5773718.016,2222655.8976,305686.656,0.0,0.0,0.0,19464192.0,27766252.5696,62574,
Conv4,1,8,3694,0,0,48660480,380160,442368,42240,0,0,0,128,110,5773718.016,2222655.8976,305686.656,0.0,0.0,0.0,19464192.0,27766252.5696,66030,
Conv4,1,9,3694,0,0,48660480,380160,442368,42240,0,0,0,128,110,5773718.016,2222655.8976,305686.656,0.0,0.0,0.0,19464192.0,27766252.5696,69486,
Conv4,1,10,3694,0,0,48660480,380160,442368,42240,0,0,0,128,110,5773718.016,2222655.8976,305686.656,0.0,0.0,0.0,19464192.0,27766252.5696,72942,
,,,,,,,,,,,,,,,
Conv4,1,total,38254,24072,0,535265280,4181760,4866048,464640,442368,442368,0,,,63510898.176,24449214.8736,3362553.216,1205886.32064,44236800.0,0.0,214106112.0,349665578.266,24072,
,,,,,,,,,,,,,,,
Conv5,0,0,3822,51592,0,97320960,380160,884736,28160,884736,884736,28160,256,110,5773718.016,4445311.7952,203791.104,2411772.64128,88473600.0,2816000.0,38928384.0,143052577.556,0,
Conv5,0,1,3822,0,0,97320960,380160,884736,28160,0,0,28160,256,110,5773718.016,4445311.7952,203791.104,0.0,0.0,2816000.0,38928384.0,52167204.9152,3456,
Conv5,0,2,3822,0,0,97320960,380160,884736,28160,0,0,28160,256,110,5773718.016,4445311.7952,203791.104,0.0,0.0,2816000.0,38928384.0,52167204.9152,6912,
Conv5,0,3,3822,0,0,97320960,380160,884736,28160,0,0,28160,256,110,5773718.016,4445311.7952,203791.104,0.0,0.0,2816000.0,38928384.0,52167204.9152,10368,
Conv5,0,4,3822,0,0,97320960,380160,884736,28160,0,0,28160,256,110,5773718.016,4445311.7952,203791.104,0.0,0.0,2816000.0,38928384.0,52167204.9152,13824,
Conv5,0,5,3822,0,0,97320960,380160,884736,28160,0,0,28160,256,110,5773718.016,4445311.7952,203791.104,0.0,0.0,2816000.0,38928384.0,52167204.9152,17280,
Conv5,0,6,3822,0,0,97320960,380160,884736,28160,0,0,28160,256,110,5773718.016,4445311.7952,203791.104,0.0,0.0,2816000.0,38928384.0,52167204.9152,20736,
Conv5,0,7,3822,0,0,97320960,380160,884736,28160,0,0,28160,256,110,5773718.016,4445311.7952,203791.104,0.0,0.0,2816000.0,38928384.0,52167204.9152,24192,
Conv5,0,8,3822,0,0,97320960,380160,884736,28160,0,0,28160,256,110,5773718.016,4445311.7952,203791.104,0.0,0.0,2816000.0,38928384.0,52167204.9152,27648,
Conv5,0,9,3822,0,0,97320960,380160,884736,28160,0,0,28160,256,110,5773718.016,4445311.7952,203791.104,0.0,0.0,2816000.0,38928384.0,52167204.9152,31104,
Conv5,0,10,3822,0,0,97320960,380160,884736,28160,0,0,28160,256,110,5773718.016,4445311.7952,203791.104,0.0,0.0,2816000.0,38928384.0,52167204.9152,34560,
,,,,,,,,,,,,,,,
Conv5,0,total,38382,51592,0,1070530560,4491520,9732096,309760,884736,884736,309760,,,68215409.152,48898429.7472,2241702.144,2411772.64128,88473600.0,30976000.0,428212224.0,667017365.043,51592,
,,,,,,,,,,,,,,,
